-- Generated SQL for Countries, Regions, and Subregions
-- Generated on: 2025-07-18T11:07:48.052Z
-- Total countries: 250
-- Total regions: 6
-- Total subregions: 24

-- Create tables for countries, regions, and subregions
    
CREATE TABLE IF NOT EXISTS regions (
    id INT PRIMARY KEY,
    name VARCHAR(100) NOT NULL UNIQUE,
    created_at TIMESTAMP DEFAULT CURRENT_TIMESTAMP
);

CREATE TABLE IF NOT EXISTS subregions (
    id INT PRIMARY KEY,
    name VARCHAR(100) NOT NULL UNIQUE,
    region_id INT,
    created_at TIMESTAMP DEFAULT CURRENT_TIMESTAMP,
    FOREIGN KEY (region_id) REFERENCES regions(id) ON DELETE CASCADE
);

CREATE TABLE IF NOT EXISTS countries (
    id SERIAL PRIMARY KEY,
    cca2 VARCHAR(2) NOT NULL UNIQUE,
    cca3 VARCHAR(3) NOT NULL UNIQUE,
    ccn3 VARCHAR(3),
    name VARCHAR(100) NOT NULL,
    official_name VARCHAR(200),
    region VARCHAR(50),
    subregion VARCHAR(100),
    region_id INT,
    subregion_id INT,
    capital VARCHAR(100),
    area DECIMAL(15,2),
    population BIGINT,
    independent BOOLEAN,
    un_member BOOLEAN,
    flag VARCHAR(10),
    latitude DECIMAL(10,8),
    longitude DECIMAL(11,8),
    created_at TIMESTAMP DEFAULT CURRENT_TIMESTAMP,
    FOREIGN KEY (region_id) REFERENCES regions(id) ON DELETE CASCADE,
    FOREIGN KEY (subregion_id) REFERENCES subregions(id) ON DELETE CASCADE
);

-- Insert regions
INSERT INTO regions (id, name) VALUES
    (1, 'Americas'),
    (2, 'Asia'),
    (3, 'Africa'),
    (4, 'Europe'),
    (5, 'Oceania'),
    (6, 'Antarctic');

-- Insert subregions
INSERT INTO subregions (id, name, region_id) VALUES
    (1, 'Caribbean', 1),
    (2, 'Southern Asia', 2),
    (3, 'Middle Africa', 3),
    (4, 'Northern Europe', 4),
    (5, 'Southeast Europe', 4),
    (6, 'Southern Europe', 4),
    (7, 'Western Asia', 2),
    (8, 'South America', 1),
    (9, 'Polynesia', 5),
    (10, 'Australia and New Zealand', 5),
    (11, 'Central Europe', 4),
    (12, 'Eastern Africa', 3),
    (13, 'Western Europe', 4),
    (14, 'Western Africa', 3),
    (15, 'Eastern Europe', 4),
    (16, 'Central America', 1),
    (17, 'North America', 1),
    (18, 'South-Eastern Asia', 2),
    (19, 'Southern Africa', 3),
    (20, 'Eastern Asia', 2),
    (21, 'Northern Africa', 3),
    (22, 'Melanesia', 5),
    (23, 'Micronesia', 5),
    (24, 'Central Asia', 2);

-- Insert countries
INSERT INTO countries (cca2, cca3, ccn3, name, official_name, region, subregion, region_id, subregion_id, capital, area, population, independent, un_member, flag, latitude, longitude) VALUES
    ('AW', 'ABW', '533', 'Aruba', 'Aruba', 'Americas', 'Caribbean', 1, 1, 'Oranjestad', 180, NULL, false, false, '🇦🇼', 12.5, -69.96666666),
    ('AF', 'AFG', '004', 'Afghanistan', 'Islamic Republic of Afghanistan', 'Asia', 'Southern Asia', 2, 2, 'Kabul', 652230, NULL, true, true, '🇦🇫', 33, 65),
    ('AO', 'AGO', '024', 'Angola', 'Republic of Angola', 'Africa', 'Middle Africa', 3, 3, 'Luanda', 1246700, NULL, true, true, '🇦🇴', -12.5, 18.5),
    ('AI', 'AIA', '660', 'Anguilla', 'Anguilla', 'Americas', 'Caribbean', 1, 1, 'The Valley', 91, NULL, false, false, '🇦🇮', 18.25, -63.16666666),
    ('AX', 'ALA', '248', 'Åland Islands', 'Åland Islands', 'Europe', 'Northern Europe', 4, 4, 'Mariehamn', 1580, NULL, false, false, '🇦🇽', 60.116667, 19.9),
    ('AL', 'ALB', '008', 'Albania', 'Republic of Albania', 'Europe', 'Southeast Europe', 4, 5, 'Tirana', 28748, NULL, true, true, '🇦🇱', 41, 20),
    ('AD', 'AND', '020', 'Andorra', 'Principality of Andorra', 'Europe', 'Southern Europe', 4, 6, 'Andorra la Vella', 468, NULL, true, true, '🇦🇩', 42.5, 1.5),
    ('AE', 'ARE', '784', 'United Arab Emirates', 'United Arab Emirates', 'Asia', 'Western Asia', 2, 7, 'Abu Dhabi', 83600, NULL, true, true, '🇦🇪', 24, 54),
    ('AR', 'ARG', '032', 'Argentina', 'Argentine Republic', 'Americas', 'South America', 1, 8, 'Buenos Aires', 2780400, NULL, true, true, '🇦🇷', -34, -64),
    ('AM', 'ARM', '051', 'Armenia', 'Republic of Armenia', 'Asia', 'Western Asia', 2, 7, 'Yerevan', 29743, NULL, true, true, '🇦🇲', 40, 45),
    ('AS', 'ASM', '016', 'American Samoa', 'American Samoa', 'Oceania', 'Polynesia', 5, 9, 'Pago Pago', 199, NULL, false, false, '🇦🇸', -14.33333333, -170),
    ('AQ', 'ATA', '010', 'Antarctica', 'Antarctica', 'Antarctic', NULL, 6, NULL, NULL, 14000000, NULL, false, false, '🇦🇶', -90, NULL),
    ('TF', 'ATF', '260', 'French Southern and Antarctic Lands', 'Territory of the French Southern and Antarctic Lands', 'Antarctic', NULL, 6, NULL, 'Port-aux-Français', 7747, NULL, false, false, '🇹🇫', -49.25, 69.167),
    ('AG', 'ATG', '028', 'Antigua and Barbuda', 'Antigua and Barbuda', 'Americas', 'Caribbean', 1, 1, 'Saint John''s', 442, NULL, true, true, '🇦🇬', 17.05, -61.8),
    ('AU', 'AUS', '036', 'Australia', 'Commonwealth of Australia', 'Oceania', 'Australia and New Zealand', 5, 10, 'Canberra', 7692024, NULL, true, true, '🇦🇺', -27, 133),
    ('AT', 'AUT', '040', 'Austria', 'Republic of Austria', 'Europe', 'Central Europe', 4, 11, 'Vienna', 83871, NULL, true, true, '🇦🇹', 47.33333333, 13.33333333),
    ('AZ', 'AZE', '031', 'Azerbaijan', 'Republic of Azerbaijan', 'Asia', 'Western Asia', 2, 7, 'Baku', 86600, NULL, true, true, '🇦🇿', 40.5, 47.5),
    ('BI', 'BDI', '108', 'Burundi', 'Republic of Burundi', 'Africa', 'Eastern Africa', 3, 12, 'Gitega', 27834, NULL, true, true, '🇧🇮', -3.5, 30),
    ('BE', 'BEL', '056', 'Belgium', 'Kingdom of Belgium', 'Europe', 'Western Europe', 4, 13, 'Brussels', 30528, NULL, true, true, '🇧🇪', 50.83333333, 4),
    ('BJ', 'BEN', '204', 'Benin', 'Republic of Benin', 'Africa', 'Western Africa', 3, 14, 'Porto-Novo', 112622, NULL, true, true, '🇧🇯', 9.5, 2.25),
    ('BF', 'BFA', '854', 'Burkina Faso', 'Burkina Faso', 'Africa', 'Western Africa', 3, 14, 'Ouagadougou', 272967, NULL, true, true, '🇧🇫', 13, -2),
    ('BD', 'BGD', '050', 'Bangladesh', 'People''s Republic of Bangladesh', 'Asia', 'Southern Asia', 2, 2, 'Dhaka', 147570, NULL, true, true, '🇧🇩', 24, 90),
    ('BG', 'BGR', '100', 'Bulgaria', 'Republic of Bulgaria', 'Europe', 'Southeast Europe', 4, 5, 'Sofia', 110879, NULL, true, true, '🇧🇬', 43, 25),
    ('BH', 'BHR', '048', 'Bahrain', 'Kingdom of Bahrain', 'Asia', 'Western Asia', 2, 7, 'Manama', 765, NULL, true, true, '🇧🇭', 26, 50.55),
    ('BS', 'BHS', '044', 'Bahamas', 'Commonwealth of the Bahamas', 'Americas', 'Caribbean', 1, 1, 'Nassau', 13943, NULL, true, true, '🇧🇸', 24.25, -76),
    ('BA', 'BIH', '070', 'Bosnia and Herzegovina', 'Bosnia and Herzegovina', 'Europe', 'Southeast Europe', 4, 5, 'Sarajevo', 51209, NULL, true, true, '🇧🇦', 44, 18),
    ('BL', 'BLM', '652', 'Saint Barthélemy', 'Collectivity of Saint Barthélemy', 'Americas', 'Caribbean', 1, 1, 'Gustavia', 21, NULL, false, false, '🇧🇱', 18.5, -63.41666666),
    ('SH', 'SHN', '654', 'Saint Helena, Ascension and Tristan da Cunha', 'Saint Helena, Ascension and Tristan da Cunha', 'Africa', 'Western Africa', 3, 14, 'Jamestown', 394, NULL, false, false, '🇸🇭', -15.95, -5.72),
    ('BY', 'BLR', '112', 'Belarus', 'Republic of Belarus', 'Europe', 'Eastern Europe', 4, 15, 'Minsk', 207600, NULL, true, true, '🇧🇾', 53, 28),
    ('BZ', 'BLZ', '084', 'Belize', 'Belize', 'Americas', 'Central America', 1, 16, 'Belmopan', 22966, NULL, true, true, '🇧🇿', 17.25, -88.75),
    ('BM', 'BMU', '060', 'Bermuda', 'Bermuda', 'Americas', 'North America', 1, 17, 'Hamilton', 54, NULL, false, false, '🇧🇲', 32.33333333, -64.75),
    ('BO', 'BOL', '068', 'Bolivia', 'Plurinational State of Bolivia', 'Americas', 'South America', 1, 8, 'Sucre', 1098581, NULL, true, true, '🇧🇴', -17, -65),
    ('BQ', 'BES', '535', 'Caribbean Netherlands', 'Bonaire, Sint Eustatius and Saba', 'Americas', 'Caribbean', 1, 1, 'Kralendijk', 328, NULL, false, false, NULL, 12.18, -68.25),
    ('BR', 'BRA', '076', 'Brazil', 'Federative Republic of Brazil', 'Americas', 'South America', 1, 8, 'Brasília', 8515767, NULL, true, true, '🇧🇷', -10, -55),
    ('BB', 'BRB', '052', 'Barbados', 'Barbados', 'Americas', 'Caribbean', 1, 1, 'Bridgetown', 430, NULL, true, true, '🇧🇧', 13.16666666, -59.53333333),
    ('BN', 'BRN', '096', 'Brunei', 'Nation of Brunei, Abode of Peace', 'Asia', 'South-Eastern Asia', 2, 18, 'Bandar Seri Begawan', 5765, NULL, true, true, '🇧🇳', 4.5, 114.66666666),
    ('BT', 'BTN', '064', 'Bhutan', 'Kingdom of Bhutan', 'Asia', 'Southern Asia', 2, 2, 'Thimphu', 38394, NULL, true, true, '🇧🇹', 27.5, 90.5),
    ('BV', 'BVT', '074', 'Bouvet Island', 'Bouvet Island', 'Antarctic', NULL, 6, NULL, NULL, 49, NULL, false, false, '🇧🇻', -54.43333333, 3.4),
    ('BW', 'BWA', '072', 'Botswana', 'Republic of Botswana', 'Africa', 'Southern Africa', 3, 19, 'Gaborone', 582000, NULL, true, true, '🇧🇼', -22, 24),
    ('CF', 'CAF', '140', 'Central African Republic', 'Central African Republic', 'Africa', 'Middle Africa', 3, 3, 'Bangui', 622984, NULL, true, true, '🇨🇫', 7, 21),
    ('CA', 'CAN', '124', 'Canada', 'Canada', 'Americas', 'North America', 1, 17, 'Ottawa', 9984670, NULL, true, true, '🇨🇦', 60, -95),
    ('CC', 'CCK', '166', 'Cocos (Keeling) Islands', 'Territory of the Cocos (Keeling) Islands', 'Oceania', 'Australia and New Zealand', 5, 10, 'West Island', 14, NULL, false, false, '🇨🇨', -12.5, 96.83333333),
    ('CH', 'CHE', '756', 'Switzerland', 'Swiss Confederation', 'Europe', 'Western Europe', 4, 13, 'Bern', 41284, NULL, true, true, '🇨🇭', 47, 8),
    ('CL', 'CHL', '152', 'Chile', 'Republic of Chile', 'Americas', 'South America', 1, 8, 'Santiago', 756102, NULL, true, true, '🇨🇱', -30, -71),
    ('CN', 'CHN', '156', 'China', 'People''s Republic of China', 'Asia', 'Eastern Asia', 2, 20, 'Beijing', 9706961, NULL, true, true, '🇨🇳', 35, 105),
    ('CI', 'CIV', '384', 'Ivory Coast', 'Republic of Côte d''Ivoire', 'Africa', 'Western Africa', 3, 14, 'Yamoussoukro', 322463, NULL, true, true, '🇨🇮', 8, -5),
    ('CM', 'CMR', '120', 'Cameroon', 'Republic of Cameroon', 'Africa', 'Middle Africa', 3, 3, 'Yaoundé', 475442, NULL, true, true, '🇨🇲', 6, 12),
    ('CD', 'COD', '180', 'DR Congo', 'Democratic Republic of the Congo', 'Africa', 'Middle Africa', 3, 3, 'Kinshasa', 2344858, NULL, true, true, '🇨🇩', NULL, 25),
    ('CG', 'COG', '178', 'Republic of the Congo', 'Republic of the Congo', 'Africa', 'Middle Africa', 3, 3, 'Brazzaville', 342000, NULL, true, true, '🇨🇬', -1, 15),
    ('CK', 'COK', '184', 'Cook Islands', 'Cook Islands', 'Oceania', 'Polynesia', 5, 9, 'Avarua', 236, NULL, false, false, '🇨🇰', -21.23333333, -159.76666666),
    ('CO', 'COL', '170', 'Colombia', 'Republic of Colombia', 'Americas', 'South America', 1, 8, 'Bogotá', 1141748, NULL, true, true, '🇨🇴', 4, -72),
    ('KM', 'COM', '174', 'Comoros', 'Union of the Comoros', 'Africa', 'Eastern Africa', 3, 12, 'Moroni', 1862, NULL, true, true, '🇰🇲', -12.16666666, 44.25),
    ('CV', 'CPV', '132', 'Cape Verde', 'Republic of Cabo Verde', 'Africa', 'Western Africa', 3, 14, 'Praia', 4033, NULL, true, true, '🇨🇻', 16, -24),
    ('CR', 'CRI', '188', 'Costa Rica', 'Republic of Costa Rica', 'Americas', 'Central America', 1, 16, 'San José', 51100, NULL, true, true, '🇨🇷', 10, -84),
    ('CU', 'CUB', '192', 'Cuba', 'Republic of Cuba', 'Americas', 'Caribbean', 1, 1, 'Havana', 109884, NULL, true, true, '🇨🇺', 21.5, -80),
    ('CW', 'CUW', '531', 'Curaçao', 'Country of Curaçao', 'Americas', 'Caribbean', 1, 1, 'Willemstad', 444, NULL, false, false, '🇨🇼', 12.116667, -68.933333),
    ('CX', 'CXR', '162', 'Christmas Island', 'Territory of Christmas Island', 'Oceania', 'Australia and New Zealand', 5, 10, 'Flying Fish Cove', 135, NULL, false, false, '🇨🇽', -10.5, 105.66666666),
    ('KY', 'CYM', '136', 'Cayman Islands', 'Cayman Islands', 'Americas', 'Caribbean', 1, 1, 'George Town', 264, NULL, false, false, '🇰🇾', 19.5, -80.5),
    ('CY', 'CYP', '196', 'Cyprus', 'Republic of Cyprus', 'Europe', 'Southern Europe', 4, 6, 'Nicosia', 9251, NULL, true, true, '🇨🇾', 35, 33),
    ('CZ', 'CZE', '203', 'Czechia', 'Czech Republic', 'Europe', 'Central Europe', 4, 11, 'Prague', 78865, NULL, true, true, '🇨🇿', 49.75, 15.5),
    ('DE', 'DEU', '276', 'Germany', 'Federal Republic of Germany', 'Europe', 'Western Europe', 4, 13, 'Berlin', 357114, NULL, true, true, '🇩🇪', 51, 9),
    ('DJ', 'DJI', '262', 'Djibouti', 'Republic of Djibouti', 'Africa', 'Eastern Africa', 3, 12, 'Djibouti', 23200, NULL, true, true, '🇩🇯', 11.5, 43),
    ('DM', 'DMA', '212', 'Dominica', 'Commonwealth of Dominica', 'Americas', 'Caribbean', 1, 1, 'Roseau', 751, NULL, true, true, '🇩🇲', 15.41666666, -61.33333333),
    ('DK', 'DNK', '208', 'Denmark', 'Kingdom of Denmark', 'Europe', 'Northern Europe', 4, 4, 'Copenhagen', 43094, NULL, true, true, '🇩🇰', 56, 10),
    ('DO', 'DOM', '214', 'Dominican Republic', 'Dominican Republic', 'Americas', 'Caribbean', 1, 1, 'Santo Domingo', 48671, NULL, true, true, '🇩🇴', 19, -70.66666666),
    ('DZ', 'DZA', '012', 'Algeria', 'People''s Democratic Republic of Algeria', 'Africa', 'Northern Africa', 3, 21, 'Algiers', 2381741, NULL, true, true, '🇩🇿', 28, 3),
    ('EC', 'ECU', '218', 'Ecuador', 'Republic of Ecuador', 'Americas', 'South America', 1, 8, 'Quito', 276841, NULL, true, true, '🇪🇨', -2, -77.5),
    ('EG', 'EGY', '818', 'Egypt', 'Arab Republic of Egypt', 'Africa', 'Northern Africa', 3, 21, 'Cairo', 1002450, NULL, true, true, '🇪🇬', 27, 30),
    ('ER', 'ERI', '232', 'Eritrea', 'State of Eritrea', 'Africa', 'Eastern Africa', 3, 12, 'Asmara', 117600, NULL, true, true, '🇪🇷', 15, 39),
    ('EH', 'ESH', '732', 'Western Sahara', 'Sahrawi Arab Democratic Republic', 'Africa', 'Northern Africa', 3, 21, 'El Aaiún', 266000, NULL, false, false, '🇪🇭', 24.5, -13),
    ('ES', 'ESP', '724', 'Spain', 'Kingdom of Spain', 'Europe', 'Southern Europe', 4, 6, 'Madrid', 505992, NULL, true, true, '🇪🇸', 40, -4),
    ('EE', 'EST', '233', 'Estonia', 'Republic of Estonia', 'Europe', 'Northern Europe', 4, 4, 'Tallinn', 45227, NULL, true, true, '🇪🇪', 59, 26),
    ('ET', 'ETH', '231', 'Ethiopia', 'Federal Democratic Republic of Ethiopia', 'Africa', 'Eastern Africa', 3, 12, 'Addis Ababa', 1104300, NULL, true, true, '🇪🇹', 8, 38),
    ('FI', 'FIN', '246', 'Finland', 'Republic of Finland', 'Europe', 'Northern Europe', 4, 4, 'Helsinki', 338424, NULL, true, true, '🇫🇮', 64, 26),
    ('FJ', 'FJI', '242', 'Fiji', 'Republic of Fiji', 'Oceania', 'Melanesia', 5, 22, 'Suva', 18272, NULL, true, true, '🇫🇯', -18, 175),
    ('FK', 'FLK', '238', 'Falkland Islands', 'Falkland Islands', 'Americas', 'South America', 1, 8, 'Stanley', 12173, NULL, false, false, '🇫🇰', -51.75, -59),
    ('FR', 'FRA', '250', 'France', 'French Republic', 'Europe', 'Western Europe', 4, 13, 'Paris', 551695, NULL, true, true, '🇫🇷', 46, 2),
    ('FO', 'FRO', '234', 'Faroe Islands', 'Faroe Islands', 'Europe', 'Northern Europe', 4, 4, 'Tórshavn', 1393, NULL, false, false, '🇫🇴', 62, -7),
    ('FM', 'FSM', '583', 'Micronesia', 'Federated States of Micronesia', 'Oceania', 'Micronesia', 5, 23, 'Palikir', 702, NULL, true, true, '🇫🇲', 6.91666666, 158.25),
    ('GA', 'GAB', '266', 'Gabon', 'Gabonese Republic', 'Africa', 'Middle Africa', 3, 3, 'Libreville', 267668, NULL, true, true, '🇬🇦', -1, 11.75),
    ('GB', 'GBR', '826', 'United Kingdom', 'United Kingdom of Great Britain and Northern Ireland', 'Europe', 'Northern Europe', 4, 4, 'London', 242900, NULL, true, true, '🇬🇧', 54, -2),
    ('GE', 'GEO', '268', 'Georgia', 'Georgia', 'Asia', 'Western Asia', 2, 7, 'Tbilisi', 69700, NULL, true, true, '🇬🇪', 42, 43.5),
    ('GG', 'GGY', '831', 'Guernsey', 'Bailiwick of Guernsey', 'Europe', 'Northern Europe', 4, 4, 'St. Peter Port', 78, NULL, false, false, '🇬🇬', 49.46666666, -2.58333333),
    ('GH', 'GHA', '288', 'Ghana', 'Republic of Ghana', 'Africa', 'Western Africa', 3, 14, 'Accra', 238533, NULL, true, true, '🇬🇭', 8, -2),
    ('GI', 'GIB', '292', 'Gibraltar', 'Gibraltar', 'Europe', 'Southern Europe', 4, 6, 'Gibraltar', 6, NULL, false, false, '🇬🇮', 36.13333333, -5.35),
    ('GN', 'GIN', '324', 'Guinea', 'Republic of Guinea', 'Africa', 'Western Africa', 3, 14, 'Conakry', 245857, NULL, true, true, '🇬🇳', 11, -10),
    ('GP', 'GLP', '312', 'Guadeloupe', 'Guadeloupe', 'Americas', 'Caribbean', 1, 1, 'Basse-Terre', 1628, NULL, false, false, '🇬🇵', 16.25, -61.583333),
    ('GM', 'GMB', '270', 'Gambia', 'Republic of the Gambia', 'Africa', 'Western Africa', 3, 14, 'Banjul', 10689, NULL, true, true, '🇬🇲', 13.46666666, -16.56666666),
    ('GW', 'GNB', '624', 'Guinea-Bissau', 'Republic of Guinea-Bissau', 'Africa', 'Western Africa', 3, 14, 'Bissau', 36125, NULL, true, true, '🇬🇼', 12, -15),
    ('GQ', 'GNQ', '226', 'Equatorial Guinea', 'Republic of Equatorial Guinea', 'Africa', 'Middle Africa', 3, 3, 'Malabo', 28051, NULL, true, true, '🇬🇶', 2, 10),
    ('GR', 'GRC', '300', 'Greece', 'Hellenic Republic', 'Europe', 'Southern Europe', 4, 6, 'Athens', 131990, NULL, true, true, '🇬🇷', 39, 22),
    ('GD', 'GRD', '308', 'Grenada', 'Grenada', 'Americas', 'Caribbean', 1, 1, 'St. George''s', 344, NULL, true, true, '🇬🇩', 12.11666666, -61.66666666),
    ('GL', 'GRL', '304', 'Greenland', 'Greenland', 'Americas', 'North America', 1, 17, 'Nuuk', 2166086, NULL, false, false, '🇬🇱', 72, -40),
    ('GT', 'GTM', '320', 'Guatemala', 'Republic of Guatemala', 'Americas', 'Central America', 1, 16, 'Guatemala City', 108889, NULL, true, true, '🇬🇹', 15.5, -90.25),
    ('GF', 'GUF', '254', 'French Guiana', 'Guiana', 'Americas', 'South America', 1, 8, 'Cayenne', 83534, NULL, false, false, '🇬🇫', 4, -53),
    ('GU', 'GUM', '316', 'Guam', 'Guam', 'Oceania', 'Micronesia', 5, 23, 'Hagåtña', 549, NULL, false, false, '🇬🇺', 13.46666666, 144.78333333),
    ('GY', 'GUY', '328', 'Guyana', 'Co-operative Republic of Guyana', 'Americas', 'South America', 1, 8, 'Georgetown', 214969, NULL, true, true, '🇬🇾', 5, -59),
    ('HK', 'HKG', '344', 'Hong Kong', 'Hong Kong Special Administrative Region of the People''s Republic of China', 'Asia', 'Eastern Asia', 2, 20, 'City of Victoria', 1104, NULL, false, false, '🇭🇰', 22.267, 114.188),
    ('HM', 'HMD', '334', 'Heard Island and McDonald Islands', 'Heard Island and McDonald Islands', 'Antarctic', NULL, 6, NULL, NULL, 412, NULL, false, false, '🇭🇲', -53.1, 72.51666666),
    ('HN', 'HND', '340', 'Honduras', 'Republic of Honduras', 'Americas', 'Central America', 1, 16, 'Tegucigalpa', 112492, NULL, true, true, '🇭🇳', 15, -86.5),
    ('HR', 'HRV', '191', 'Croatia', 'Republic of Croatia', 'Europe', 'Southeast Europe', 4, 5, 'Zagreb', 56594, NULL, true, true, '🇭🇷', 45.16666666, 15.5),
    ('HT', 'HTI', '332', 'Haiti', 'Republic of Haiti', 'Americas', 'Caribbean', 1, 1, 'Port-au-Prince', 27750, NULL, true, true, '🇭🇹', 19, -72.41666666),
    ('HU', 'HUN', '348', 'Hungary', 'Hungary', 'Europe', 'Central Europe', 4, 11, 'Budapest', 93028, NULL, true, true, '🇭🇺', 47, 20),
    ('ID', 'IDN', '360', 'Indonesia', 'Republic of Indonesia', 'Asia', 'South-Eastern Asia', 2, 18, 'Jakarta', 1904569, NULL, true, true, '🇮🇩', -5, 120),
    ('IM', 'IMN', '833', 'Isle of Man', 'Isle of Man', 'Europe', 'Northern Europe', 4, 4, 'Douglas', 572, NULL, false, false, '🇮🇲', 54.25, -4.5),
    ('IN', 'IND', '356', 'India', 'Republic of India', 'Asia', 'Southern Asia', 2, 2, 'New Delhi', 3287590, NULL, true, true, '🇮🇳', 20, 77),
    ('IO', 'IOT', '086', 'British Indian Ocean Territory', 'British Indian Ocean Territory', 'Africa', 'Eastern Africa', 3, 12, 'Diego Garcia', 60, NULL, false, false, '🇮🇴', -6, 71.5),
    ('IE', 'IRL', '372', 'Ireland', 'Republic of Ireland', 'Europe', 'Northern Europe', 4, 4, 'Dublin', 70273, NULL, true, true, '🇮🇪', 53, -8),
    ('IR', 'IRN', '364', 'Iran', 'Islamic Republic of Iran', 'Asia', 'Southern Asia', 2, 2, 'Tehran', 1648195, NULL, true, true, '🇮🇷', 32, 53),
    ('IQ', 'IRQ', '368', 'Iraq', 'Republic of Iraq', 'Asia', 'Western Asia', 2, 7, 'Baghdad', 438317, NULL, true, true, '🇮🇶', 33, 44),
    ('IS', 'ISL', '352', 'Iceland', 'Iceland', 'Europe', 'Northern Europe', 4, 4, 'Reykjavik', 103000, NULL, true, true, '🇮🇸', 65, -18),
    ('IL', 'ISR', '376', 'Israel', 'State of Israel', 'Asia', 'Western Asia', 2, 7, 'Jerusalem', 20770, NULL, true, true, '🇮🇱', 31.47, 35.13),
    ('IT', 'ITA', '380', 'Italy', 'Italian Republic', 'Europe', 'Southern Europe', 4, 6, 'Rome', 301336, NULL, true, true, '🇮🇹', 42.83333333, 12.83333333),
    ('JM', 'JAM', '388', 'Jamaica', 'Jamaica', 'Americas', 'Caribbean', 1, 1, 'Kingston', 10991, NULL, true, true, '🇯🇲', 18.25, -77.5),
    ('JE', 'JEY', '832', 'Jersey', 'Bailiwick of Jersey', 'Europe', 'Northern Europe', 4, 4, 'Saint Helier', 116, NULL, false, false, '🇯🇪', 49.25, -2.16666666),
    ('JO', 'JOR', '400', 'Jordan', 'Hashemite Kingdom of Jordan', 'Asia', 'Western Asia', 2, 7, 'Amman', 89342, NULL, true, true, '🇯🇴', 31, 36),
    ('JP', 'JPN', '392', 'Japan', 'Japan', 'Asia', 'Eastern Asia', 2, 20, 'Tokyo', 377930, NULL, true, true, '🇯🇵', 36, 138),
    ('KZ', 'KAZ', '398', 'Kazakhstan', 'Republic of Kazakhstan', 'Asia', 'Central Asia', 2, 24, 'Astana', 2724900, NULL, true, true, '🇰🇿', 48, 68),
    ('KE', 'KEN', '404', 'Kenya', 'Republic of Kenya', 'Africa', 'Eastern Africa', 3, 12, 'Nairobi', 580367, NULL, true, true, '🇰🇪', 1, 38),
    ('KG', 'KGZ', '417', 'Kyrgyzstan', 'Kyrgyz Republic', 'Asia', 'Central Asia', 2, 24, 'Bishkek', 199951, NULL, true, true, '🇰🇬', 41, 75),
    ('KH', 'KHM', '116', 'Cambodia', 'Kingdom of Cambodia', 'Asia', 'South-Eastern Asia', 2, 18, 'Phnom Penh', 181035, NULL, true, true, '🇰🇭', 13, 105),
    ('KI', 'KIR', '296', 'Kiribati', 'Independent and Sovereign Republic of Kiribati', 'Oceania', 'Micronesia', 5, 23, 'South Tarawa', 811, NULL, true, true, '🇰🇮', 1.41666666, 173),
    ('KN', 'KNA', '659', 'Saint Kitts and Nevis', 'Federation of Saint Christopher and Nevis', 'Americas', 'Caribbean', 1, 1, 'Basseterre', 261, NULL, true, true, '🇰🇳', 17.33333333, -62.75),
    ('KR', 'KOR', '410', 'South Korea', 'Republic of Korea', 'Asia', 'Eastern Asia', 2, 20, 'Seoul', 100210, NULL, true, true, '🇰🇷', 37, 127.5),
    ('XK', 'UNK', NULL, 'Kosovo', 'Republic of Kosovo', 'Europe', 'Southeast Europe', 4, 5, 'Pristina', 10908, NULL, false, false, '🇽🇰', 42.666667, 21.166667),
    ('KW', 'KWT', '414', 'Kuwait', 'State of Kuwait', 'Asia', 'Western Asia', 2, 7, 'Kuwait City', 17818, NULL, true, true, '🇰🇼', 29.5, 45.75),
    ('LA', 'LAO', '418', 'Laos', 'Lao People''s Democratic Republic', 'Asia', 'South-Eastern Asia', 2, 18, 'Vientiane', 236800, NULL, true, true, '🇱🇦', 18, 105),
    ('LB', 'LBN', '422', 'Lebanon', 'Lebanese Republic', 'Asia', 'Western Asia', 2, 7, 'Beirut', 10452, NULL, true, true, '🇱🇧', 33.83333333, 35.83333333),
    ('LR', 'LBR', '430', 'Liberia', 'Republic of Liberia', 'Africa', 'Western Africa', 3, 14, 'Monrovia', 111369, NULL, true, true, '🇱🇷', 6.5, -9.5),
    ('LY', 'LBY', '434', 'Libya', 'State of Libya', 'Africa', 'Northern Africa', 3, 21, 'Tripoli', 1759540, NULL, true, true, '🇱🇾', 25, 17),
    ('LC', 'LCA', '662', 'Saint Lucia', 'Saint Lucia', 'Americas', 'Caribbean', 1, 1, 'Castries', 616, NULL, true, true, '🇱🇨', 13.88333333, -60.96666666),
    ('LI', 'LIE', '438', 'Liechtenstein', 'Principality of Liechtenstein', 'Europe', 'Western Europe', 4, 13, 'Vaduz', 160, NULL, true, true, '🇱🇮', 47.26666666, 9.53333333),
    ('LK', 'LKA', '144', 'Sri Lanka', 'Democratic Socialist Republic of Sri Lanka', 'Asia', 'Southern Asia', 2, 2, 'Colombo', 65610, NULL, true, true, '🇱🇰', 7, 81),
    ('LS', 'LSO', '426', 'Lesotho', 'Kingdom of Lesotho', 'Africa', 'Southern Africa', 3, 19, 'Maseru', 30355, NULL, true, true, '🇱🇸', -29.5, 28.5),
    ('LT', 'LTU', '440', 'Lithuania', 'Republic of Lithuania', 'Europe', 'Northern Europe', 4, 4, 'Vilnius', 65300, NULL, true, true, '🇱🇹', 56, 24),
    ('LU', 'LUX', '442', 'Luxembourg', 'Grand Duchy of Luxembourg', 'Europe', 'Western Europe', 4, 13, 'Luxembourg', 2586, NULL, true, true, '🇱🇺', 49.75, 6.16666666),
    ('LV', 'LVA', '428', 'Latvia', 'Republic of Latvia', 'Europe', 'Northern Europe', 4, 4, 'Riga', 64559, NULL, true, true, '🇱🇻', 57, 25),
    ('MO', 'MAC', '446', 'Macau', 'Macao Special Administrative Region of the People''s Republic of China', 'Asia', 'Eastern Asia', 2, 20, NULL, 30, NULL, false, false, '🇲🇴', 22.16666666, 113.55),
    ('MF', 'MAF', '663', 'Saint Martin', 'Saint Martin', 'Americas', 'Caribbean', 1, 1, 'Marigot', 53, NULL, false, false, '🇲🇫', 18.08333333, -63.95),
    ('MA', 'MAR', '504', 'Morocco', 'Kingdom of Morocco', 'Africa', 'Northern Africa', 3, 21, 'Rabat', 446550, NULL, true, true, '🇲🇦', 32, -5),
    ('MC', 'MCO', '492', 'Monaco', 'Principality of Monaco', 'Europe', 'Western Europe', 4, 13, 'Monaco', 2.02, NULL, true, true, '🇲🇨', 43.73333333, 7.4),
    ('MD', 'MDA', '498', 'Moldova', 'Republic of Moldova', 'Europe', 'Eastern Europe', 4, 15, 'Chișinău', 33846, NULL, true, true, '🇲🇩', 47, 29),
    ('MG', 'MDG', '450', 'Madagascar', 'Republic of Madagascar', 'Africa', 'Eastern Africa', 3, 12, 'Antananarivo', 587041, NULL, true, true, '🇲🇬', -20, 47),
    ('MV', 'MDV', '462', 'Maldives', 'Republic of the Maldives', 'Asia', 'Southern Asia', 2, 2, 'Malé', 300, NULL, true, true, '🇲🇻', 3.25, 73),
    ('MX', 'MEX', '484', 'Mexico', 'United Mexican States', 'Americas', 'North America', 1, 17, 'Mexico City', 1964375, NULL, true, true, '🇲🇽', 23, -102),
    ('MH', 'MHL', '584', 'Marshall Islands', 'Republic of the Marshall Islands', 'Oceania', 'Micronesia', 5, 23, 'Majuro', 181, NULL, true, true, '🇲🇭', 9, 168),
    ('MK', 'MKD', '807', 'North Macedonia', 'Republic of North Macedonia', 'Europe', 'Southeast Europe', 4, 5, 'Skopje', 25713, NULL, true, true, '🇲🇰', 41.83333333, 22),
    ('ML', 'MLI', '466', 'Mali', 'Republic of Mali', 'Africa', 'Western Africa', 3, 14, 'Bamako', 1240192, NULL, true, true, '🇲🇱', 17, -4),
    ('MT', 'MLT', '470', 'Malta', 'Republic of Malta', 'Europe', 'Southern Europe', 4, 6, 'Valletta', 316, NULL, true, true, '🇲🇹', 35.83333333, 14.58333333),
    ('MM', 'MMR', '104', 'Myanmar', 'Republic of the Union of Myanmar', 'Asia', 'South-Eastern Asia', 2, 18, 'Naypyidaw', 676578, NULL, true, true, '🇲🇲', 22, 98),
    ('ME', 'MNE', '499', 'Montenegro', 'Montenegro', 'Europe', 'Southeast Europe', 4, 5, 'Podgorica', 13812, NULL, true, true, '🇲🇪', 42.5, 19.3),
    ('MN', 'MNG', '496', 'Mongolia', 'Mongolia', 'Asia', 'Eastern Asia', 2, 20, 'Ulan Bator', 1564110, NULL, true, true, '🇲🇳', 46, 105),
    ('MP', 'MNP', '580', 'Northern Mariana Islands', 'Commonwealth of the Northern Mariana Islands', 'Oceania', 'Micronesia', 5, 23, 'Saipan', 464, NULL, false, false, '🇲🇵', 15.2, 145.75),
    ('MZ', 'MOZ', '508', 'Mozambique', 'Republic of Mozambique', 'Africa', 'Eastern Africa', 3, 12, 'Maputo', 801590, NULL, true, true, '🇲🇿', -18.25, 35),
    ('MR', 'MRT', '478', 'Mauritania', 'Islamic Republic of Mauritania', 'Africa', 'Western Africa', 3, 14, 'Nouakchott', 1030700, NULL, true, true, '🇲🇷', 20, -12),
    ('MS', 'MSR', '500', 'Montserrat', 'Montserrat', 'Americas', 'Caribbean', 1, 1, 'Plymouth', 102, NULL, false, false, '🇲🇸', 16.75, -62.2),
    ('MQ', 'MTQ', '474', 'Martinique', 'Martinique', 'Americas', 'Caribbean', 1, 1, 'Fort-de-France', 1128, NULL, false, false, '🇲🇶', 14.666667, -61),
    ('MU', 'MUS', '480', 'Mauritius', 'Republic of Mauritius', 'Africa', 'Eastern Africa', 3, 12, 'Port Louis', 2040, NULL, true, true, '🇲🇺', -20.28333333, 57.55),
    ('MW', 'MWI', '454', 'Malawi', 'Republic of Malawi', 'Africa', 'Eastern Africa', 3, 12, 'Lilongwe', 118484, NULL, true, true, '🇲🇼', -13.5, 34),
    ('MY', 'MYS', '458', 'Malaysia', 'Malaysia', 'Asia', 'South-Eastern Asia', 2, 18, 'Kuala Lumpur', 330803, NULL, true, true, '🇲🇾', 2.5, 112.5),
    ('YT', 'MYT', '175', 'Mayotte', 'Department of Mayotte', 'Africa', 'Eastern Africa', 3, 12, 'Mamoudzou', 374, NULL, false, false, '🇾🇹', -12.83333333, 45.16666666),
    ('NA', 'NAM', '516', 'Namibia', 'Republic of Namibia', 'Africa', 'Southern Africa', 3, 19, 'Windhoek', 825615, NULL, true, true, '🇳🇦', -22, 17),
    ('NC', 'NCL', '540', 'New Caledonia', 'New Caledonia', 'Oceania', 'Melanesia', 5, 22, 'Nouméa', 18575, NULL, false, false, '🇳🇨', -21.5, 165.5),
    ('NE', 'NER', '562', 'Niger', 'Republic of Niger', 'Africa', 'Western Africa', 3, 14, 'Niamey', 1267000, NULL, true, true, '🇳🇪', 16, 8),
    ('NF', 'NFK', '574', 'Norfolk Island', 'Territory of Norfolk Island', 'Oceania', 'Australia and New Zealand', 5, 10, 'Kingston', 36, NULL, false, false, '🇳🇫', -29.03333333, 167.95),
    ('NG', 'NGA', '566', 'Nigeria', 'Federal Republic of Nigeria', 'Africa', 'Western Africa', 3, 14, 'Abuja', 923768, NULL, true, true, '🇳🇬', 10, 8),
    ('NI', 'NIC', '558', 'Nicaragua', 'Republic of Nicaragua', 'Americas', 'Central America', 1, 16, 'Managua', 130373, NULL, true, true, '🇳🇮', 13, -85),
    ('NU', 'NIU', '570', 'Niue', 'Niue', 'Oceania', 'Polynesia', 5, 9, 'Alofi', 260, NULL, false, false, '🇳🇺', -19.03333333, -169.86666666),
    ('NL', 'NLD', '528', 'Netherlands', 'Kingdom of the Netherlands', 'Europe', 'Western Europe', 4, 13, 'Amsterdam', 41850, NULL, true, true, '🇳🇱', 52.5, 5.75),
    ('NO', 'NOR', '578', 'Norway', 'Kingdom of Norway', 'Europe', 'Northern Europe', 4, 4, 'Oslo', 323802, NULL, true, true, '🇳🇴', 62, 10),
    ('NP', 'NPL', '524', 'Nepal', 'Federal Democratic Republic of Nepal', 'Asia', 'Southern Asia', 2, 2, 'Kathmandu', 147181, NULL, true, true, '🇳🇵', 28, 84),
    ('NR', 'NRU', '520', 'Nauru', 'Republic of Nauru', 'Oceania', 'Micronesia', 5, 23, 'Yaren', 21, NULL, true, true, '🇳🇷', -0.53333333, 166.91666666),
    ('NZ', 'NZL', '554', 'New Zealand', 'New Zealand', 'Oceania', 'Australia and New Zealand', 5, 10, 'Wellington', 270467, NULL, true, true, '🇳🇿', -41, 174),
    ('OM', 'OMN', '512', 'Oman', 'Sultanate of Oman', 'Asia', 'Western Asia', 2, 7, 'Muscat', 309500, NULL, true, true, '🇴🇲', 21, 57),
    ('PK', 'PAK', '586', 'Pakistan', 'Islamic Republic of Pakistan', 'Asia', 'Southern Asia', 2, 2, 'Islamabad', 881912, NULL, true, true, '🇵🇰', 30, 70),
    ('PA', 'PAN', '591', 'Panama', 'Republic of Panama', 'Americas', 'Central America', 1, 16, 'Panama City', 75417, NULL, true, true, '🇵🇦', 9, -80),
    ('PN', 'PCN', '612', 'Pitcairn Islands', 'Pitcairn Group of Islands', 'Oceania', 'Polynesia', 5, 9, 'Adamstown', 47, NULL, false, false, '🇵🇳', -25.06666666, -130.1),
    ('PE', 'PER', '604', 'Peru', 'Republic of Peru', 'Americas', 'South America', 1, 8, 'Lima', 1285216, NULL, true, true, '🇵🇪', -10, -76),
    ('PH', 'PHL', '608', 'Philippines', 'Republic of the Philippines', 'Asia', 'South-Eastern Asia', 2, 18, 'Manila', 342353, NULL, true, true, '🇵🇭', 13, 122),
    ('PW', 'PLW', '585', 'Palau', 'Republic of Palau', 'Oceania', 'Micronesia', 5, 23, 'Ngerulmud', 459, NULL, true, true, '🇵🇼', 7.5, 134.5),
    ('PG', 'PNG', '598', 'Papua New Guinea', 'Independent State of Papua New Guinea', 'Oceania', 'Melanesia', 5, 22, 'Port Moresby', 462840, NULL, true, true, '🇵🇬', -6, 147),
    ('PL', 'POL', '616', 'Poland', 'Republic of Poland', 'Europe', 'Central Europe', 4, 11, 'Warsaw', 312679, NULL, true, true, '🇵🇱', 52, 20),
    ('PR', 'PRI', '630', 'Puerto Rico', 'Commonwealth of Puerto Rico', 'Americas', 'Caribbean', 1, 1, 'San Juan', 8870, NULL, false, false, '🇵🇷', 18.25, -66.5),
    ('KP', 'PRK', '408', 'North Korea', 'Democratic People''s Republic of Korea', 'Asia', 'Eastern Asia', 2, 20, 'Pyongyang', 120538, NULL, true, true, '🇰🇵', 40, 127),
    ('PT', 'PRT', '620', 'Portugal', 'Portuguese Republic', 'Europe', 'Southern Europe', 4, 6, 'Lisbon', 92090, NULL, true, true, '🇵🇹', 39.5, -8),
    ('PY', 'PRY', '600', 'Paraguay', 'Republic of Paraguay', 'Americas', 'South America', 1, 8, 'Asunción', 406752, NULL, true, true, '🇵🇾', -23, -58),
    ('PS', 'PSE', '275', 'Palestine', 'State of Palestine', 'Asia', 'Western Asia', 2, 7, 'Ramallah', 6220, NULL, false, false, '🇵🇸', 31.9, 35.2),
    ('PF', 'PYF', '258', 'French Polynesia', 'French Polynesia', 'Oceania', 'Polynesia', 5, 9, 'Papeetē', 4167, NULL, false, false, '🇵🇫', -15, -140),
    ('QA', 'QAT', '634', 'Qatar', 'State of Qatar', 'Asia', 'Western Asia', 2, 7, 'Doha', 11586, NULL, true, true, '🇶🇦', 25.5, 51.25),
    ('RE', 'REU', '638', 'Réunion', 'Réunion Island', 'Africa', 'Eastern Africa', 3, 12, 'Saint-Denis', 2511, NULL, false, false, '🇷🇪', -21.15, 55.5),
    ('RO', 'ROU', '642', 'Romania', 'Romania', 'Europe', 'Southeast Europe', 4, 5, 'Bucharest', 238391, NULL, true, true, '🇷🇴', 46, 25),
    ('RU', 'RUS', '643', 'Russia', 'Russian Federation', 'Europe', 'Eastern Europe', 4, 15, 'Moscow', 17098242, NULL, true, true, '🇷🇺', 60, 100),
    ('RW', 'RWA', '646', 'Rwanda', 'Republic of Rwanda', 'Africa', 'Eastern Africa', 3, 12, 'Kigali', 26338, NULL, true, true, '🇷🇼', -2, 30),
    ('SA', 'SAU', '682', 'Saudi Arabia', 'Kingdom of Saudi Arabia', 'Asia', 'Western Asia', 2, 7, 'Riyadh', 2149690, NULL, true, true, '🇸🇦', 25, 45),
    ('SD', 'SDN', '729', 'Sudan', 'Republic of the Sudan', 'Africa', 'Northern Africa', 3, 21, 'Khartoum', 1886068, NULL, true, true, '🇸🇩', 15, 30),
    ('SN', 'SEN', '686', 'Senegal', 'Republic of Senegal', 'Africa', 'Western Africa', 3, 14, 'Dakar', 196722, NULL, true, true, '🇸🇳', 14, -14),
    ('SG', 'SGP', '702', 'Singapore', 'Republic of Singapore', 'Asia', 'South-Eastern Asia', 2, 18, 'Singapore', 710, NULL, true, true, '🇸🇬', 1.36666666, 103.8),
    ('GS', 'SGS', '239', 'South Georgia', 'South Georgia and the South Sandwich Islands', 'Antarctic', NULL, 6, NULL, 'King Edward Point', 3903, NULL, false, false, '🇬🇸', -54.5, -37),
    ('SJ', 'SJM', '744', 'Svalbard and Jan Mayen', 'Svalbard og Jan Mayen', 'Europe', 'Northern Europe', 4, 4, 'Longyearbyen', -1, NULL, false, false, '🇸🇯', 78, 20),
    ('SB', 'SLB', '090', 'Solomon Islands', 'Solomon Islands', 'Oceania', 'Melanesia', 5, 22, 'Honiara', 28896, NULL, true, true, '🇸🇧', -8, 159),
    ('SL', 'SLE', '694', 'Sierra Leone', 'Republic of Sierra Leone', 'Africa', 'Western Africa', 3, 14, 'Freetown', 71740, NULL, true, true, '🇸🇱', 8.5, -11.5),
    ('SV', 'SLV', '222', 'El Salvador', 'Republic of El Salvador', 'Americas', 'Central America', 1, 16, 'San Salvador', 21041, NULL, true, true, '🇸🇻', 13.83333333, -88.91666666),
    ('SM', 'SMR', '674', 'San Marino', 'Most Serene Republic of San Marino', 'Europe', 'Southern Europe', 4, 6, 'City of San Marino', 61, NULL, true, true, '🇸🇲', 43.76666666, 12.41666666),
    ('SO', 'SOM', '706', 'Somalia', 'Federal Republic of Somalia', 'Africa', 'Eastern Africa', 3, 12, 'Mogadishu', 637657, NULL, true, true, '🇸🇴', 10, 49),
    ('PM', 'SPM', '666', 'Saint Pierre and Miquelon', 'Saint Pierre and Miquelon', 'Americas', 'North America', 1, 17, 'Saint-Pierre', 242, NULL, false, false, '🇵🇲', 46.83333333, -56.33333333),
    ('RS', 'SRB', '688', 'Serbia', 'Republic of Serbia', 'Europe', 'Southeast Europe', 4, 5, 'Belgrade', 88361, NULL, true, true, '🇷🇸', 44, 21),
    ('SS', 'SSD', '728', 'South Sudan', 'Republic of South Sudan', 'Africa', 'Middle Africa', 3, 3, 'Juba', 619745, NULL, true, true, '🇸🇸', 7, 30),
    ('ST', 'STP', '678', 'São Tomé and Príncipe', 'Democratic Republic of São Tomé and Príncipe', 'Africa', 'Middle Africa', 3, 3, 'São Tomé', 964, NULL, true, true, '🇸🇹', 1, 7),
    ('SR', 'SUR', '740', 'Suriname', 'Republic of Suriname', 'Americas', 'South America', 1, 8, 'Paramaribo', 163820, NULL, true, true, '🇸🇷', 4, -56),
    ('SK', 'SVK', '703', 'Slovakia', 'Slovak Republic', 'Europe', 'Central Europe', 4, 11, 'Bratislava', 49037, NULL, true, true, '🇸🇰', 48.66666666, 19.5),
    ('SI', 'SVN', '705', 'Slovenia', 'Republic of Slovenia', 'Europe', 'Central Europe', 4, 11, 'Ljubljana', 20273, NULL, true, true, '🇸🇮', 46.11666666, 14.81666666),
    ('SE', 'SWE', '752', 'Sweden', 'Kingdom of Sweden', 'Europe', 'Northern Europe', 4, 4, 'Stockholm', 450295, NULL, true, true, '🇸🇪', 62, 15),
    ('SZ', 'SWZ', '748', 'Eswatini', 'Kingdom of Eswatini', 'Africa', 'Southern Africa', 3, 19, 'Lobamba', 17364, NULL, true, true, '🇸🇿', -26.5, 31.5),
    ('SX', 'SXM', '534', 'Sint Maarten', 'Sint Maarten', 'Americas', 'Caribbean', 1, 1, 'Philipsburg', 34, NULL, false, false, '🇸🇽', 18.033333, -63.05),
    ('SC', 'SYC', '690', 'Seychelles', 'Republic of Seychelles', 'Africa', 'Eastern Africa', 3, 12, 'Victoria', 452, NULL, true, true, '🇸🇨', -4.58333333, 55.66666666),
    ('SY', 'SYR', '760', 'Syria', 'Syrian Arab Republic', 'Asia', 'Western Asia', 2, 7, 'Damascus', 185180, NULL, true, true, '🇸🇾', 35, 38),
    ('TC', 'TCA', '796', 'Turks and Caicos Islands', 'Turks and Caicos Islands', 'Americas', 'Caribbean', 1, 1, 'Cockburn Town', 948, NULL, false, false, '🇹🇨', 21.75, -71.58333333),
    ('TD', 'TCD', '148', 'Chad', 'Republic of Chad', 'Africa', 'Middle Africa', 3, 3, 'N''Djamena', 1284000, NULL, true, true, '🇹🇩', 15, 19),
    ('TG', 'TGO', '768', 'Togo', 'Togolese Republic', 'Africa', 'Western Africa', 3, 14, 'Lomé', 56785, NULL, true, true, '🇹🇬', 8, 1.16666666),
    ('TH', 'THA', '764', 'Thailand', 'Kingdom of Thailand', 'Asia', 'South-Eastern Asia', 2, 18, 'Bangkok', 513120, NULL, true, true, '🇹🇭', 15, 100),
    ('TJ', 'TJK', '762', 'Tajikistan', 'Republic of Tajikistan', 'Asia', 'Central Asia', 2, 24, 'Dushanbe', 143100, NULL, true, true, '🇹🇯', 39, 71),
    ('TK', 'TKL', '772', 'Tokelau', 'Tokelau', 'Oceania', 'Polynesia', 5, 9, 'Fakaofo', 12, NULL, false, false, '🇹🇰', -9, -172),
    ('TM', 'TKM', '795', 'Turkmenistan', 'Turkmenistan', 'Asia', 'Central Asia', 2, 24, 'Ashgabat', 488100, NULL, true, true, '🇹🇲', 40, 60),
    ('TL', 'TLS', '626', 'Timor-Leste', 'Democratic Republic of Timor-Leste', 'Asia', 'South-Eastern Asia', 2, 18, 'Dili', 14874, NULL, true, true, '🇹🇱', -8.83333333, 125.91666666),
    ('TO', 'TON', '776', 'Tonga', 'Kingdom of Tonga', 'Oceania', 'Polynesia', 5, 9, 'Nuku''alofa', 747, NULL, true, true, '🇹🇴', -20, -175),
    ('TT', 'TTO', '780', 'Trinidad and Tobago', 'Republic of Trinidad and Tobago', 'Americas', 'Caribbean', 1, 1, 'Port of Spain', 5130, NULL, true, true, '🇹🇹', 11, -61),
    ('TN', 'TUN', '788', 'Tunisia', 'Tunisian Republic', 'Africa', 'Northern Africa', 3, 21, 'Tunis', 163610, NULL, true, true, '🇹🇳', 34, 9),
    ('TR', 'TUR', '792', 'Türkiye', 'Republic of Türkiye', 'Asia', 'Western Asia', 2, 7, 'Ankara', 783562, NULL, true, true, '🇹🇷', 39, 35),
    ('TV', 'TUV', '798', 'Tuvalu', 'Tuvalu', 'Oceania', 'Polynesia', 5, 9, 'Funafuti', 26, NULL, true, true, '🇹🇻', -8, 178),
    ('TW', 'TWN', '158', 'Taiwan', 'Republic of China (Taiwan)', 'Asia', 'Eastern Asia', 2, 20, 'Taipei', 36193, NULL, false, false, '🇹🇼', 23.5, 121),
    ('TZ', 'TZA', '834', 'Tanzania', 'United Republic of Tanzania', 'Africa', 'Eastern Africa', 3, 12, 'Dodoma', 945087, NULL, true, true, '🇹🇿', -6, 35),
    ('UG', 'UGA', '800', 'Uganda', 'Republic of Uganda', 'Africa', 'Eastern Africa', 3, 12, 'Kampala', 241550, NULL, true, true, '🇺🇬', 1, 32),
    ('UA', 'UKR', '804', 'Ukraine', 'Ukraine', 'Europe', 'Eastern Europe', 4, 15, 'Kyiv', 603500, NULL, true, true, '🇺🇦', 49, 32),
    ('UM', 'UMI', '581', 'United States Minor Outlying Islands', 'United States Minor Outlying Islands', 'Americas', 'North America', 1, 17, NULL, 34.2, NULL, false, false, '🇺🇲', 19.3, 166.633333),
    ('UY', 'URY', '858', 'Uruguay', 'Oriental Republic of Uruguay', 'Americas', 'South America', 1, 8, 'Montevideo', 181034, NULL, true, true, '🇺🇾', -33, -56),
    ('US', 'USA', '840', 'United States', 'United States of America', 'Americas', 'North America', 1, 17, 'Washington D.C.', 9372610, NULL, true, true, '🇺🇸', 38, -97),
    ('UZ', 'UZB', '860', 'Uzbekistan', 'Republic of Uzbekistan', 'Asia', 'Central Asia', 2, 24, 'Tashkent', 447400, NULL, true, true, '🇺🇿', 41, 64),
    ('VA', 'VAT', '336', 'Vatican City', 'Vatican City State', 'Europe', 'Southern Europe', 4, 6, 'Vatican City', 0.44, NULL, true, true, '🇻🇦', 41.9, 12.45),
    ('VC', 'VCT', '670', 'Saint Vincent and the Grenadines', 'Saint Vincent and the Grenadines', 'Americas', 'Caribbean', 1, 1, 'Kingstown', 389, NULL, true, true, '🇻🇨', 13.25, -61.2),
    ('VE', 'VEN', '862', 'Venezuela', 'Bolivarian Republic of Venezuela', 'Americas', 'South America', 1, 8, 'Caracas', 916445, NULL, true, true, '🇻🇪', 8, -66),
    ('VG', 'VGB', '092', 'British Virgin Islands', 'Virgin Islands', 'Americas', 'Caribbean', 1, 1, 'Road Town', 151, NULL, false, false, '🇻🇬', 18.431383, -64.62305),
    ('VI', 'VIR', '850', 'United States Virgin Islands', 'Virgin Islands of the United States', 'Americas', 'Caribbean', 1, 1, 'Charlotte Amalie', 347, NULL, false, false, '🇻🇮', 18.35, -64.933333),
    ('VN', 'VNM', '704', 'Vietnam', 'Socialist Republic of Vietnam', 'Asia', 'South-Eastern Asia', 2, 18, 'Hanoi', 331212, NULL, true, true, '🇻🇳', 16.16666666, 107.83333333),
    ('VU', 'VUT', '548', 'Vanuatu', 'Republic of Vanuatu', 'Oceania', 'Melanesia', 5, 22, 'Port Vila', 12189, NULL, true, true, '🇻🇺', -16, 167),
    ('WF', 'WLF', '876', 'Wallis and Futuna', 'Territory of the Wallis and Futuna Islands', 'Oceania', 'Polynesia', 5, 9, 'Mata-Utu', 142, NULL, false, false, '🇼🇫', -13.3, -176.2),
    ('WS', 'WSM', '882', 'Samoa', 'Independent State of Samoa', 'Oceania', 'Polynesia', 5, 9, 'Apia', 2842, NULL, true, true, '🇼🇸', -13.58333333, -172.33333333),
    ('YE', 'YEM', '887', 'Yemen', 'Republic of Yemen', 'Asia', 'Western Asia', 2, 7, 'Sana''a', 527968, NULL, true, true, '🇾🇪', 15, 48),
    ('ZA', 'ZAF', '710', 'South Africa', 'Republic of South Africa', 'Africa', 'Southern Africa', 3, 19, 'Pretoria', 1221037, NULL, true, true, '🇿🇦', -29, 24),
    ('ZM', 'ZMB', '894', 'Zambia', 'Republic of Zambia', 'Africa', 'Eastern Africa', 3, 12, 'Lusaka', 752612, NULL, true, true, '🇿🇲', -15, 30),
    ('ZW', 'ZWE', '716', 'Zimbabwe', 'Republic of Zimbabwe', 'Africa', 'Eastern Africa', 3, 12, 'Harare', 390757, NULL, true, true, '🇿🇼', -20, 30);

